Kod,GlasNo,SiO2,B2O3,Al2O3,MgO,CaO,Na2O,K2O,E,density,Tg
2498,34459,71.01,0.45,0.31,0.0,13.01,12.13,3.08,71.8,2.51,540.0
2498,34460,71.77,11.09,0.25,0.0,0.0,9.76,6.29,82.5,2.52,538.0
3714,10815,75.01,0.0,0.0,0.0,10.69,14.3,0.0,77.5,2.46,548.0
3714,10817,69.93,5.08,0.0,0.0,10.71,14.29,0.0,80.4,2.51,563.0
3724,10860,52.5,24.3,0.0,0.0,0.0,23.2,0.0,80.4,2.56,529.0
3724,10861,72.9,21.3,0.0,0.0,0.0,5.8,0.0,60.6,2.24,500.0
3724,10862,72.5,14.3,0.0,0.0,0.0,13.2,0.0,79.8,2.47,587.0
3725,142471,65.0,4.5,12.5,0.0,0.0,18.0,0.0,74.9,2.44,563.0
3725,10870,60.0,0.0,10.0,0.0,0.0,30.0,0.0,72.3,2.5,492.0
3849,12354,82.0,0.0,0.0,0.0,8.0,10.0,0.0,70.5,2.4,566.0
3849,12355,78.5,0.0,0.0,0.0,8.0,13.5,0.0,69.1,2.42,554.0
3849,12356,76.0,0.0,0.0,0.0,8.0,16.0,0.0,68.0,2.45,544.0
3849,12357,73.0,0.0,0.0,0.0,8.0,19.0,0.0,67.1,2.44,530.0
3849,12358,70.5,0.0,0.0,0.0,8.0,21.5,0.0,66.4,2.5,528.0
3849,12359,70.5,0.0,0.0,0.0,18.5,11.0,0.0,75.2,2.54,600.0
3849,12360,80.0,0.0,0.0,0.0,10.0,10.0,0.0,71.7,2.42,571.0
3849,12361,70.5,0.0,0.0,0.0,25.0,4.5,0.0,79.1,2.56,645.0
3849,12362,76.5,0.0,0.0,0.0,13.5,10.0,0.0,73.9,2.47,587.0
3849,12363,65.0,0.0,0.0,0.0,25.0,10.0,0.0,79.7,2.62,624.0
3849,12364,72.5,0.0,0.0,0.0,17.5,10.0,0.0,75.1,2.52,606.0
3849,12365,70.5,0.0,0.0,0.0,12.0,17.5,0.0,70.3,2.52,553.0
3849,12366,70.5,0.0,0.0,0.0,19.5,10.0,0.0,76.2,2.54,611.0
3849,12367,70.5,0.0,0.0,0.0,22.0,7.5,0.0,77.8,2.56,628.0
3849,12368,78.5,0.0,0.0,0.0,11.5,10.0,0.0,72.2,2.44,586.0
3849,12369,75.0,0.0,0.0,0.0,15.0,10.0,0.0,74.3,2.49,597.0
3849,12370,62.5,0.0,0.0,0.0,27.5,10.0,0.0,80.6,2.66,625.0
3849,12371,74.7,0.0,0.0,0.0,15.8,9.5,0.0,75.3,2.49,607.0
3849,12372,70.2,0.0,0.0,0.0,18.6,11.2,0.0,75.8,2.54,604.0
3856,12428,32.65,46.21,0.0,0.0,0.0,20.68,0.0,67.6,2.4,500.0
3861,12497,58.82,29.41,0.0,0.0,0.0,11.76,0.0,62.5,2.3,526.0
3861,12500,56.34,28.17,0.0,0.0,0.0,15.49,0.0,75.3,2.43,553.0
3861,12501,55.56,27.78,0.0,0.0,0.0,16.67,0.0,73.7,2.45,558.0
3861,12502,54.79,27.4,0.0,0.0,0.0,17.81,0.0,76.5,2.47,560.0
3861,12503,54.05,27.03,0.0,0.0,0.0,18.92,0.0,76.5,2.48,562.0
3861,12506,50.0,25.0,0.0,0.0,0.0,25.0,0.0,76.1,2.53,539.0
3861,12509,46.51,23.26,0.0,0.0,0.0,30.23,0.0,70.4,2.52,502.0
5074,61705,82.71,11.6,1.52,0.0,0.0,3.51,0.66,63.0,2.23,530.0
5074,61706,79.4,10.44,2.48,0.78,1.13,4.08,0.67,66.0,2.34,550.0
5074,61707,77.88,9.0,3.07,0.0,1.68,6.57,0.0,73.0,2.39,560.0
5074,61709,72.28,15.37,3.09,0.0,0.0,7.11,0.33,68.0,2.31,505.0
5485,6008,70.67,18.34,2.16,0.0,0.0,8.83,0.0,61.3,2.29,525.0
5485,6010,70.65,21.09,1.88,0.0,0.0,3.81,2.58,63.2,2.25,480.0
5501,6075,77.38,3.56,1.22,0.0,2.21,13.0,2.63,72.5,2.43,504.0
5518,6112,78.61,14.75,1.2,0.0,0.0,4.27,1.17,62.7,2.26,550.0
5519,6113,71.97,16.66,3.16,0.0,0.0,0.31,5.95,63.7,2.27,515.0
5534,6151,77.09,0.0,0.66,0.0,10.32,9.54,2.39,72.0,2.49,520.0
5537,6157,75.03,10.79,3.07,0.0,0.0,11.11,0.0,71.2,2.37,560.0
5593,6357,75.85,0.0,0.36,0.0,11.69,9.6,2.51,71.6,2.49,520.0
5593,6362,82.48,10.61,1.77,0.0,0.33,4.61,0.2,73.5,2.25,490.0
5602,6405,76.53,15.03,1.28,0.0,0.0,5.8,0.0,66.2,2.27,510.0
5602,6406,77.28,14.56,1.24,0.0,0.0,5.62,0.0,66.2,2.27,510.0
5602,6407,70.13,8.19,6.21,0.0,6.78,8.69,0.0,72.1,2.42,586.0
5602,6408,78.3,12.27,2.56,0.32,0.34,4.73,0.16,65.1,2.31,545.0
5602,6409,79.02,12.82,2.19,0.0,0.0,4.63,0.0,65.1,2.31,545.0
5602,6410,79.01,12.9,2.2,0.0,0.0,3.62,0.68,65.1,2.31,545.0
6059,93468,75.01,6.8,0.0,0.0,2.28,5.47,9.85,73.9,2.52,547.0
6059,93469,74.45,9.15,0.025,0.0,0.08,8.75,5.71,81.5,2.56,559.0
7079,121838,62.58,0.0,11.42,3.65,11.32,6.98,2.71,80.9,2.6,668.0
7080,121850,60.22,0.0,12.29,3.46,12.21,8.48,1.76,78.9,2.58,652.0
7080,121853,59.24,0.0,14.01,3.5,11.16,8.65,1.47,78.8,2.55,664.0
7080,121862,56.94,0.0,13.28,3.08,12.39,9.83,3.02,79.2,2.61,649.0
7269,55180,83.18,11.39,1.34,0.0,0.0,3.7,0.39,61.8,2.23,530.0
8707,80254,72.13,0.0,0.0,0.0,10.25,16.39,0.0,76.6,2.49,584.0
8909,81804,70.92,0.0,0.72,6.16,7.13,14.33,0.24,71.9,2.48,537.0
8910,81805,74.0,0.0,0.0,0.0,10.0,16.0,0.0,70.9,2.48,542.0
8910,81806,74.0,0.0,0.0,0.0,10.0,0.0,16.0,62.4,2.46,618.0
10436,87657,83.08,11.4,1.46,0.0,0.0,3.6,0.46,61.8,2.23,530.0
10436,87658,71.86,0.0,0.46,5.14,9.18,13.36,0.0,73.5,2.49,528.0
10436,87659,80.97,9.35,2.13,0.77,0.88,4.3,0.0,69.0,2.3,576.0
10436,87664,80.33,5.39,2.11,2.59,2.63,4.96,0.0,73.1,2.38,582.0
10436,87666,81.74,4.04,2.15,2.48,2.68,5.55,0.0,73.3,2.37,581.0
10436,87670,80.08,4.49,2.1,3.19,3.28,5.24,0.0,73.5,2.38,584.0
10436,87672,79.12,4.52,3.03,3.22,3.3,5.28,0.0,72.2,2.39,593.0
10436,87686,73.63,4.38,6.22,4.41,4.19,5.63,0.0,73.7,2.45,621.0
14310,119645,80.08,0.0,0.0,0.0,5.36,14.56,0.0,67.0,2.41,500.0
14310,119646,79.67,0.0,0.0,0.0,10.67,9.65,0.0,72.0,2.43,560.0
14310,119647,75.19,0.0,0.0,0.0,5.37,19.44,0.0,65.0,2.46,490.0
14310,119648,74.81,0.0,0.0,0.0,10.69,14.5,0.0,72.0,2.48,528.0
14310,119649,74.43,0.0,0.0,0.0,15.95,9.62,0.0,75.0,2.5,585.0
14310,119650,69.93,0.0,0.0,0.0,10.7,19.37,0.0,69.0,2.52,510.0
14312,119661,83.43,10.74,1.27,0.15,0.55,3.59,0.2,62.9,2.23,540.0
14312,119662,71.53,0.0,0.64,5.88,7.6,14.14,0.19,72.5,2.49,535.0
14312,119663,70.23,0.0,0.29,6.88,8.1,14.28,0.19,72.3,2.49,530.0
14312,119664,72.18,0.0,1.23,6.06,7.01,13.07,0.38,74.0,2.49,530.0
14312,119665,75.86,7.06,4.38,0.0,1.82,9.06,0.75,76.0,2.48,575.0
15856,161890,74.0,0.0,0.0,0.0,0.0,26.0,0.0,60.1,2.43,475.0
15856,161891,74.0,0.0,0.0,0.0,4.0,22.0,0.0,64.5,2.46,499.0
15856,161892,74.0,0.0,0.0,0.0,7.0,19.0,0.0,67.5,2.48,526.0
15856,161893,74.0,0.0,0.0,0.0,10.0,16.0,0.0,71.2,2.48,542.0
15856,161894,74.0,0.0,0.0,0.0,13.0,13.0,0.0,73.4,2.5,574.0
15856,161895,74.0,0.0,0.0,0.0,16.0,10.0,0.0,75.4,2.51,604.0
16195,134083,82.71,11.6,1.52,0.0,0.0,3.51,0.66,63.0,2.23,530.0
16195,134085,79.4,10.44,2.48,0.78,1.13,4.08,0.67,66.0,2.34,550.0
16195,134086,77.41,10.04,3.3,0.0,0.91,7.18,0.13,70.0,2.35,560.0
16195,134087,77.88,9.0,3.07,0.0,1.68,6.57,0.0,73.0,2.39,560.0
16198,134120,82.63,6.21,2.85,0.0,0.33,6.87,0.0,67.0,2.31,561.0
16198,134121,80.69,7.97,2.69,0.0,0.33,6.44,0.0,67.0,2.31,562.0
16198,134122,81.4,6.85,2.79,0.0,0.33,6.69,0.0,67.0,2.31,560.0
16198,134123,80.98,7.43,2.69,0.0,0.33,6.63,0.0,67.0,2.31,568.0
16198,134125,83.26,4.73,2.93,0.0,0.33,6.82,0.0,67.0,2.32,586.0
16720,171076,70.14,0.0,1.09,5.79,6.97,16.01,0.0,72.0,2.52,524.0
17142,147486,70.09,0.0,0.35,5.86,10.11,13.34,0.019,73.0,2.49,546.0
17142,147487,73.92,0.0,1.5,0.0,11.99,11.99,0.5,75.0,2.52,565.0
17142,147488,73.93,0.0,1.5,3.99,7.99,11.99,0.5,72.0,2.47,547.0
17142,147489,73.84,0.0,1.51,8.01,4.0,12.04,0.5,71.0,2.45,548.0
20408,175152,71.19,8.78,0.0,0.0,0.0,19.72,0.0,66.8,2.57,504.0
20652,185941,40.0,40.0,0.0,0.0,0.0,20.0,0.0,74.0,2.43,523.0
24920,301454,69.6,8.7,0.0,0.0,0.0,21.7,0.0,70.7,2.43,552.0
24920,301455,57.0,19.0,0.0,0.0,0.0,24.0,0.0,83.7,2.51,585.0
24920,301456,42.0,32.0,0.0,0.0,0.0,26.0,0.0,70.3,2.38,541.0
24920,301457,23.5,46.5,0.0,0.0,0.0,30.0,0.0,72.9,2.48,505.0
25692,352701,71.0,0.0,0.0,0.0,11.5,17.5,0.0,70.2,2.53,558.0
25692,352702,74.0,0.0,0.0,0.0,10.3,15.7,0.0,69.3,2.5,559.0
25692,352703,77.0,0.0,0.0,0.0,9.1,13.9,0.0,68.6,2.47,560.0
25692,352704,80.0,0.0,0.0,0.0,7.9,12.1,0.0,68.1,2.43,561.0
26155,198377,46.98,0.0,4.77,21.97,22.12,2.32,1.66,60.6,2.79,667.0
27722,359723,74.0,0.0,0.0,0.0,10.0,16.0,0.0,71.6,2.48,550.0
27722,359732,72.1,0.0,0.0,0.0,10.25,16.4,0.0,77.7,2.49,585.0
27734,359598,78.0,0.0,2.0,0.0,5.0,15.0,0.0,68.9,2.43,512.0
27734,359599,78.0,0.0,2.0,2.5,2.5,15.0,0.0,68.3,2.41,500.0
27734,359600,78.0,0.0,2.0,5.0,0.0,15.0,0.0,66.6,2.39,490.0
27734,359601,75.0,0.0,2.0,6.0,0.0,17.0,0.0,66.0,2.43,520.0
27734,359602,75.0,0.0,6.0,2.0,0.0,17.0,0.0,67.3,2.42,522.0
27734,359603,79.0,0.0,2.0,4.0,1.0,13.0,1.0,67.2,2.39,519.0
27734,359604,77.5,0.0,2.0,4.0,2.5,13.0,1.0,69.0,2.41,534.0
27734,359605,76.0,0.0,2.0,4.0,4.0,13.0,1.0,69.9,2.43,538.0
27734,359606,71.0,0.0,0.0,0.0,11.5,17.5,0.0,70.2,2.53,558.0
27734,359607,74.0,0.0,0.0,0.0,10.3,15.7,0.0,69.3,2.5,559.0
27734,359608,77.0,0.0,0.0,0.0,9.1,13.9,0.0,68.6,2.46,560.0
27734,359609,80.0,0.0,0.0,0.0,7.9,12.1,0.0,68.1,2.43,561.0
27734,359610,80.0,0.0,0.0,6.0,0.0,14.0,0.0,65.6,2.39,498.0
27734,359611,76.0,0.0,0.0,10.0,0.0,14.0,0.0,67.5,2.42,525.0
27734,359612,72.0,0.0,0.0,14.0,0.0,14.0,0.0,70.2,2.45,551.0
27915,370460,79.82,7.19,0.0,0.0,0.0,12.99,0.0,76.0,2.41,578.0
27915,370461,82.84,8.13,0.0,0.0,0.0,9.03,0.0,74.0,2.38,607.0
27915,370462,82.85,11.74,1.46,0.0,0.0,3.5,0.46,63.0,2.23,557.0
28535,365742,64.98,0.0,6.52,5.02,8.69,10.01,4.3,75.0,2.5,584.0
28535,365744,65.32,0.0,6.49,5.0,9.21,9.96,4.01,76.0,2.5,588.0
28535,365745,64.94,0.0,8.68,5.14,6.82,14.27,0.0,76.0,2.5,606.0
28535,365747,67.52,0.0,6.46,4.93,6.65,13.93,0.0,76.0,2.5,594.0
28535,365748,67.34,0.0,6.44,4.92,6.63,13.9,0.0,76.0,2.5,590.0
28535,365754,67.78,0.0,6.48,5.06,6.72,13.96,0.0,75.0,2.5,590.0
28535,365755,68.78,0.0,6.48,5.06,6.72,12.96,0.0,74.0,2.5,598.0
28535,365756,67.69,0.0,6.51,4.46,7.19,14.0,0.0,76.0,2.5,591.0
28535,365757,67.62,0.0,6.49,4.49,6.23,14.0,0.0,75.0,2.5,586.0
28535,365759,68.34,0.0,5.99,4.89,6.71,13.93,0.0,76.0,2.5,587.0
28535,365760,67.74,0.0,6.48,4.79,6.45,13.98,0.0,75.0,2.6,583.0
28551,380707,70.73,0.0,0.4,5.89,10.19,12.79,0.0,72.0,2.5,562.0
28551,380708,79.0,0.0,2.0,4.0,1.0,13.0,0.0,69.0,2.4,519.0
28551,380710,71.0,0.0,0.0,0.0,11.5,17.5,0.0,70.0,2.53,558.0
28551,380711,80.0,0.0,0.0,0.0,7.9,12.1,0.0,68.0,2.43,561.0
28577,366262,59.95,0.0,0.0,0.0,16.03,12.04,11.98,71.0,2.6,502.0
28577,366263,59.03,0.0,0.99,2.51,15.47,11.04,10.96,76.0,2.6,513.0
28577,366265,59.98,0.0,0.0,0.0,19.98,12.05,7.99,71.0,2.62,536.0
28577,366266,58.01,0.0,2.0,0.0,20.0,9.97,10.01,75.0,2.62,552.0
28577,366268,57.78,0.0,2.01,8.49,12.2,9.94,9.58,74.0,2.59,566.0
28577,366269,55.03,0.0,4.97,0.0,20.04,9.96,10.0,72.0,2.63,562.0
28577,366270,58.0,0.0,1.97,4.99,15.03,10.05,9.95,71.0,2.6,530.0
28577,366271,70.48,0.0,0.0,0.0,13.78,9.58,6.17,70.0,2.52,556.0
28577,366272,59.97,0.0,0.0,0.0,24.0,8.0,8.03,71.0,2.64,572.0
28577,366273,54.58,0.0,9.65,0.0,19.3,10.48,5.99,77.0,2.61,570.0
28816,381527,79.0,0.0,2.0,4.0,1.0,13.0,1.0,67.8,2.39,515.0
28816,381528,72.0,0.0,1.0,6.0,9.0,12.0,0.0,74.2,2.5,540.0
28816,381529,83.0,11.0,1.0,0.0,0.0,4.0,1.0,62.0,2.23,560.0
28858,367102,67.67,0.0,6.18,3.44,6.97,13.83,0.13,77.0,2.53,602.0
28858,367104,65.0,0.0,7.54,4.41,6.79,13.22,1.21,78.0,2.53,610.0
28858,367106,66.46,0.0,6.3,4.49,7.23,14.5,0.0,77.0,2.53,592.0
29680,383705,53.77,0.88,0.0,7.56,23.91,5.9,7.12,83.0,2.71,589.0
30444,387177,75.85,0.0,0.36,0.0,11.69,9.6,2.51,70.6,2.49,540.0
30464,387223,78.18,9.0,3.07,0.0,1.68,7.07,1.0,71.4,2.33,555.0
30511,401108,67.35,0.0,10.49,5.29,0.35,13.45,2.4,72.0,2.43,623.0
30652,401735,10.0,50.0,12.0,8.0,20.0,0.0,0.0,80.0,2.49,612.0
30652,401736,20.0,40.0,12.0,8.0,20.0,0.0,0.0,81.4,2.52,622.0
30652,401737,30.0,30.0,12.0,8.0,15.0,0.0,5.0,75.5,2.47,590.0
30652,401738,40.0,20.0,12.0,8.0,10.0,5.0,5.0,72.7,2.47,565.0
30652,401740,45.0,20.0,10.0,10.0,5.0,5.0,5.0,68.8,2.42,548.0
30652,401741,50.0,10.0,10.0,10.0,10.0,5.0,5.0,76.6,2.51,595.0
30652,401743,50.0,10.0,12.0,8.0,20.0,0.0,0.0,86.1,2.59,676.0
30652,401744,50.0,20.0,12.0,8.0,0.0,5.0,5.0,61.5,2.33,543.0
30652,401746,55.0,10.0,12.0,8.0,5.0,5.0,5.0,72.0,2.43,606.0
30652,401747,55.0,15.0,10.0,10.0,0.0,5.0,5.0,65.2,2.36,568.0
30652,401750,60.0,10.0,2.5,10.0,0.0,12.5,5.0,73.9,2.47,536.0
30652,401751,60.0,10.0,5.0,10.0,0.0,10.0,5.0,72.5,2.44,541.0
30652,401752,60.0,10.0,7.5,10.0,0.0,7.5,5.0,69.7,2.4,554.0
30652,401753,60.0,10.0,10.0,5.0,5.0,5.0,5.0,70.6,2.41,595.0
30652,401754,60.0,10.0,10.0,10.0,0.0,5.0,5.0,67.2,2.38,583.0
30652,401757,60.0,10.0,12.0,8.0,0.0,5.0,5.0,62.0,2.34,598.0
30652,401758,60.0,15.0,10.0,5.0,0.0,5.0,5.0,61.1,2.32,540.0
30652,401761,65.0,5.0,2.5,10.0,0.0,12.5,5.0,73.6,2.46,553.0
30652,401762,65.0,5.0,5.0,10.0,0.0,10.0,5.0,72.1,2.44,558.0
30652,401763,65.0,5.0,5.0,5.0,5.0,10.0,5.0,74.9,2.48,551.0
30652,401764,65.0,5.0,5.0,5.0,3.0,10.0,5.0,76.7,2.47,511.0
30652,401765,65.0,5.0,5.0,5.0,3.0,12.0,5.0,74.0,2.47,540.0
30652,401766,65.0,5.0,5.0,5.0,5.0,11.0,2.0,78.9,2.48,524.0
30652,401767,65.0,5.0,5.0,5.0,5.0,9.0,4.0,78.2,2.48,526.0
30652,401768,65.0,5.0,5.0,5.0,5.0,7.0,6.0,77.1,2.47,523.0
30652,401778,65.0,5.0,5.0,5.0,5.0,11.0,4.0,75.2,2.48,552.0
30652,401781,65.0,5.0,7.0,5.0,3.0,10.0,5.0,71.9,2.46,536.0
30652,401782,65.0,5.0,7.5,10.0,0.0,7.5,5.0,71.4,2.41,577.0
30652,401783,65.0,5.0,10.0,10.0,0.0,5.0,5.0,70.7,2.39,631.0
30652,401784,65.0,7.5,2.5,5.0,5.0,10.0,5.0,76.1,2.48,557.0
30652,401785,65.0,10.0,0.0,5.0,5.0,10.0,5.0,78.4,2.49,559.0
30652,401815,69.28,0.0,2.5,6.97,7.97,1.96,9.56,80.5,2.52,657.0
30652,401816,69.95,0.0,2.51,6.96,8.0,4.93,6.75,80.3,2.49,623.0
31634,378960,57.14,0.0,0.0,14.29,0.0,28.57,0.0,65.7,2.46,596.0
31634,378961,50.0,0.0,0.0,12.5,0.0,37.5,0.0,65.8,2.52,558.0
32375,389038,71.7,0.0,1.1,5.6,8.8,12.2,0.6,72.0,2.5,550.0
32375,389039,78.6,0.0,2.0,4.0,1.0,13.3,1.1,68.0,2.4,515.0
32846,421157,50.0,0.0,0.0,0.0,25.0,25.0,0.0,77.0,2.72,543.0
35795,429813,72.56,0.0,0.6,0.0,6.96,8.95,8.95,79.0,2.6,554.0
38049,449144,44.14,4.73,2.63,22.98,22.84,2.68,0.0,97.4,2.76,690.0
38049,449145,49.37,4.79,5.45,17.35,18.09,4.95,0.0,86.4,2.65,673.0
38049,449146,52.71,5.09,8.89,11.8,12.92,8.58,0.0,84.1,2.61,655.0
38049,449147,57.07,5.14,12.47,6.25,6.64,12.43,0.0,75.3,2.51,643.0
38049,449148,59.03,6.41,16.12,0.0,0.0,18.44,0.0,73.4,2.46,613.0
38647,458366,72.0,0.0,1.1,5.5,8.6,12.6,0.2,83.1,2.5,550.0
39036,460249,73.62,14.78,0.0,0.0,0.0,4.79,5.29,80.0,2.52,576.0
39036,460257,17.1,49.59,0.0,0.0,24.0,9.3,0.0,96.0,2.59,581.0
39407,465131,79.35,4.88,0.29,0.0,0.0,14.57,0.0,72.5,2.44,537.0
39407,465132,78.91,4.95,0.69,0.0,0.0,14.52,0.0,72.9,2.44,536.0
39407,465133,77.4,4.9,2.2,0.0,0.0,14.6,0.0,73.4,2.44,542.0
39407,465134,74.7,5.0,4.7,0.0,0.0,14.6,0.0,73.7,2.44,550.0
39407,465135,71.8,4.9,7.6,0.0,0.0,14.7,0.0,73.8,2.44,566.0
39407,465136,68.9,5.0,10.3,0.0,0.0,14.8,0.0,70.8,2.43,576.0
39407,465137,67.1,5.0,12.6,0.0,0.0,14.3,0.0,67.6,2.41,583.0
39407,465138,64.1,5.0,15.6,0.0,0.0,14.3,0.0,66.9,2.41,619.0
39407,465139,62.3,5.07,17.94,0.0,0.0,13.75,0.0,69.4,2.42,644.0
39407,465140,61.13,4.98,19.38,0.0,0.0,13.63,0.0,70.8,2.44,650.0
39407,465141,80.08,4.84,0.16,0.0,0.0,14.77,0.0,72.4,2.42,531.0
39407,465142,79.28,4.84,1.16,0.0,0.0,14.58,0.0,72.7,2.41,535.0
39407,465143,78.82,4.7,2.0,0.0,0.0,14.4,0.0,72.6,2.4,546.0
39407,465144,78.12,4.2,4.0,0.0,0.0,13.6,0.0,73.1,2.4,560.0
39407,465145,76.93,4.3,5.7,0.0,0.0,13.01,0.0,73.2,2.4,567.0
39407,465146,75.85,4.3,7.49,0.0,0.0,12.29,0.0,73.1,2.39,586.0
39407,465147,72.02,4.4,10.4,0.0,0.0,13.1,0.0,70.7,2.39,592.0
39407,465148,69.15,4.6,12.69,0.0,0.0,13.49,0.0,67.1,2.38,602.0
39407,465149,62.97,4.99,17.18,0.0,0.0,14.73,0.0,68.5,2.4,658.0
39407,465150,60.52,5.0,19.61,0.0,0.0,14.73,0.0,70.4,2.4,670.0
39756,465907,80.0,0.0,0.0,0.0,0.0,20.0,0.0,61.8,2.38,493.0
39756,465908,60.0,20.0,0.0,0.0,0.0,20.0,0.0,86.3,2.52,591.0
39756,465909,40.0,40.0,0.0,0.0,0.0,20.0,0.0,75.1,2.42,545.0
39802,466080,60.0,0.0,0.0,0.0,0.0,40.0,0.0,60.0,2.51,445.0
40135,473328,65.36,0.0,7.56,9.48,0.89,14.96,0.0,74.8,2.51,604.0
40135,473332,65.89,0.0,7.61,9.23,0.67,14.04,0.67,74.8,2.51,604.0
40135,473378,67.69,0.0,6.51,4.46,7.19,14.0,0.0,76.0,2.5,591.0
40135,473379,67.62,0.0,6.49,4.49,6.23,14.0,0.0,75.0,2.5,586.0
40135,473381,64.78,0.0,7.27,10.73,2.2,13.96,0.66,75.7,2.5,604.0
40135,473382,63.95,0.0,9.27,10.94,2.25,11.18,2.01,78.1,2.5,639.0
40204,474095,74.23,2.76,1.12,4.31,6.95,10.45,0.19,76.0,2.45,585.0
40204,474096,77.29,5.57,1.19,2.86,4.65,8.31,0.13,76.0,2.39,587.0
40204,474097,80.15,8.34,1.32,1.52,2.4,6.21,0.065,73.2,2.33,570.0
40204,474098,81.99,10.16,1.39,0.61,0.99,4.86,0.0,68.3,2.26,554.0
40204,474099,71.27,0.0,1.05,5.74,9.1,12.54,0.31,74.2,2.49,568.0
40223,467100,72.0,0.0,1.1,5.5,8.6,12.6,0.2,73.0,2.5,550.0
40251,474171,71.3,0.0,1.0,5.8,9.1,12.5,0.3,72.0,2.51,548.0
40457,468130,80.0,0.0,0.0,0.0,5.0,15.0,0.0,67.6,2.41,541.0
40457,468132,71.4,0.0,0.0,0.0,4.8,23.8,0.0,65.2,2.48,513.0
40457,468133,68.2,0.0,0.0,0.0,9.1,22.7,0.0,68.8,2.52,533.0
40457,468134,65.27,0.0,0.0,0.0,13.01,21.72,0.0,72.3,2.57,545.0
40457,468135,60.0,0.0,0.0,0.0,20.0,20.0,0.0,77.9,2.63,558.0
40457,468138,75.0,0.0,0.0,0.0,10.0,0.0,15.0,62.7,2.46,630.0
40457,468139,75.0,0.0,0.0,0.0,10.0,15.0,0.0,71.4,2.48,568.0
40613,476105,73.0,0.0,7.0,6.0,0.0,14.0,0.0,70.8,2.4,617.0
40613,476106,75.5,0.0,4.9,5.9,0.0,13.7,0.0,69.7,2.39,586.0
40613,476107,73.0,0.0,5.0,8.0,0.0,14.0,0.0,70.6,2.4,600.0
40613,476108,73.0,0.0,5.0,10.0,0.0,12.0,0.0,72.9,2.41,632.0
40613,476109,73.0,0.0,7.0,5.5,0.0,14.0,0.0,73.0,2.41,625.0
40613,476110,73.0,0.0,7.0,5.5,0.0,14.0,0.0,72.3,2.4,617.0
40613,476111,73.2,0.0,7.0,5.5,0.0,14.0,0.0,74.6,2.42,620.0
40613,476112,72.0,0.0,6.0,10.0,0.0,12.0,0.0,73.1,2.41,647.0
40613,476113,72.0,0.0,7.0,10.0,0.0,11.0,0.0,72.8,2.4,674.0
40613,476114,72.0,0.0,7.0,9.0,0.0,12.0,0.0,72.3,2.41,660.0
40613,476115,72.0,0.0,6.0,12.0,0.0,10.0,0.0,74.3,2.41,678.0
40613,476117,72.0,0.0,1.1,5.5,8.6,12.6,0.2,73.0,2.49,540.0
40613,476121,72.4,0.0,7.5,6.0,0.0,14.1,0.0,69.3,2.4,628.0
40613,476123,72.0,0.0,7.0,7.0,0.0,14.0,0.0,69.7,2.41,623.0
40613,476124,73.6,0.0,7.0,6.0,0.0,13.4,0.0,69.3,2.39,626.0
40613,476128,73.0,0.0,8.0,6.0,0.0,13.0,0.0,70.0,2.39,654.0
40613,476130,72.6,0.0,7.0,7.0,0.0,13.4,0.0,69.9,2.4,631.0
40613,476136,72.6,0.0,7.5,7.0,0.0,12.9,0.0,70.3,2.4,643.0
40613,476137,72.0,0.0,7.5,7.0,0.0,13.5,0.0,70.0,2.41,636.0
40613,476138,71.6,0.0,7.0,8.0,0.0,13.4,0.0,71.5,2.41,630.0
40613,476141,72.2,0.0,6.8,7.5,0.0,13.5,0.0,70.0,2.41,623.0
40613,476142,72.0,0.0,6.5,8.0,0.0,13.5,0.0,70.0,2.41,626.0
40613,476146,72.5,0.0,6.2,8.5,0.0,12.8,0.0,70.0,2.41,627.0
40613,476147,72.7,0.0,6.3,8.5,0.0,12.5,0.0,71.0,2.4,639.0
40920,469627,71.48,0.0,1.11,5.9,7.11,14.4,0.0,72.0,2.5,550.0
40951,478471,62.89,16.23,7.32,2.54,9.54,0.0,0.0,68.8,2.38,688.0
40951,478472,63.13,16.55,8.45,2.54,8.12,0.0,0.0,66.3,2.35,694.0
40951,478476,62.16,16.31,8.31,3.56,8.87,0.0,0.0,68.1,2.35,689.0
40951,478477,60.88,16.72,7.51,2.79,10.66,0.0,0.0,69.1,2.38,669.0
40951,478478,64.3,14.39,7.5,2.61,9.78,0.0,0.0,70.0,2.39,681.0
40951,478479,61.87,17.76,7.11,2.5,9.39,0.0,0.0,66.8,2.36,664.0
40951,478480,60.86,16.05,7.17,3.01,11.31,0.0,0.0,71.0,2.41,669.0
40951,478484,63.05,16.0,7.34,4.62,7.59,0.0,0.0,67.9,2.36,680.0
40951,478485,63.24,15.77,7.35,3.62,9.65,0.0,0.0,68.3,2.35,671.0
40951,478487,61.15,15.94,9.32,2.57,9.62,0.0,0.0,69.3,2.38,685.0
40951,478488,63.18,15.89,7.32,1.54,11.76,0.0,0.0,69.3,2.36,671.0
41071,479263,60.0,20.0,0.0,0.0,5.0,15.0,0.0,81.6,2.51,584.0
41071,479264,66.67,16.66,0.0,0.0,0.0,16.66,0.0,78.2,2.45,611.0
41071,479265,60.0,20.0,0.0,0.0,0.0,20.0,0.0,84.0,2.46,604.0
41071,479270,60.0,25.0,0.0,0.0,0.0,15.0,0.0,66.6,2.33,557.0
41071,479271,74.21,2.75,1.12,4.31,6.95,10.44,0.19,76.0,2.45,585.0
41071,479272,77.26,5.57,1.19,2.86,4.65,8.31,0.13,76.0,2.39,587.0
41071,479273,71.25,0.0,1.05,5.74,9.09,12.53,0.31,74.2,2.49,568.0
41071,479274,80.1,8.34,1.32,1.52,2.4,6.21,0.06,73.2,2.33,570.0
41160,479515,68.5,0.0,3.5,12.0,3.5,3.5,7.0,74.9,2.51,660.0
41818,482279,74.0,0.0,0.0,0.0,10.0,16.0,0.0,76.0,2.48,530.0
41818,482287,74.0,16.0,0.0,0.0,0.0,10.0,0.0,81.4,2.45,550.0
41857,487409,58.0,0.0,9.7,10.4,0.4,20.5,0.5,73.8,2.51,577.0
41857,487410,58.3,0.0,9.8,10.1,0.6,20.8,0.4,73.3,2.5,579.0
41857,487411,59.0,0.0,11.5,8.2,0.3,18.5,2.5,74.1,2.49,587.0
41857,487412,60.0,0.0,11.0,7.5,0.0,21.5,0.0,72.3,2.49,589.0
41857,487413,60.0,0.0,11.5,8.2,0.3,17.5,2.5,74.4,2.49,596.0
41857,487414,60.0,0.0,11.5,8.2,0.3,18.5,1.5,74.2,2.49,600.0
41857,487415,60.0,0.0,12.0,7.2,0.3,18.5,2.0,74.1,2.49,596.0
41857,487416,60.5,0.0,8.1,9.5,0.4,21.0,0.5,71.8,2.49,554.0
41857,487417,60.5,0.0,8.6,9.0,0.4,21.0,0.5,71.9,2.49,558.0
41857,487418,60.5,0.0,8.8,9.1,0.4,21.0,0.2,72.1,2.49,564.0
41857,487419,60.5,0.0,9.0,9.1,0.4,20.8,0.2,72.5,2.49,573.0
41857,487420,60.5,0.0,9.1,8.5,0.4,21.2,0.3,72.1,2.49,563.0
41857,487421,60.5,0.0,9.2,7.9,0.4,21.8,0.2,71.7,2.49,564.0
41857,487422,60.5,0.0,9.2,7.9,0.4,21.3,0.7,71.8,2.49,557.0
41857,487423,61.0,0.0,8.5,8.6,0.4,20.9,0.6,71.8,2.49,555.0
41857,487424,61.0,0.0,8.5,9.1,0.4,20.8,0.2,72.0,2.49,563.0
41857,487425,61.0,0.0,8.5,8.9,0.4,21.0,0.2,71.9,2.49,566.0
41857,487426,61.0,0.0,8.8,8.3,0.4,21.0,0.5,71.8,2.49,558.0
41857,487427,61.0,0.0,11.5,7.2,0.3,17.5,2.5,74.1,2.48,591.0
41857,487428,61.0,0.0,11.5,7.2,0.3,18.5,1.5,73.9,2.48,596.0
41857,487429,61.8,0.0,8.3,8.5,0.4,20.8,0.2,71.7,2.48,556.0
41857,487430,61.8,0.0,8.3,8.2,0.7,20.8,0.2,72.1,2.49,557.0
41857,487431,61.8,0.0,8.4,7.9,0.4,21.3,0.2,71.4,2.49,553.0
41857,487432,62.0,0.0,10.5,7.5,0.0,20.0,0.0,72.5,2.48,594.0
41857,487433,62.4,0.0,11.3,7.2,0.3,18.8,0.0,73.8,2.47,612.0
41857,487434,60.0,0.0,9.3,9.3,0.4,21.0,0.0,72.6,2.49,574.0
41857,487435,57.0,0.0,12.0,7.2,0.3,23.5,0.0,72.5,2.5,579.0
41857,487436,57.0,0.0,11.0,9.6,0.4,22.0,0.0,73.3,2.5,587.0
41857,487437,57.0,0.0,10.0,12.0,0.5,19.0,1.5,74.6,2.51,589.0
41857,487438,60.0,0.0,7.8,10.8,0.4,20.2,0.8,72.3,2.49,557.0
41857,487439,61.0,0.0,8.5,8.9,0.4,21.0,0.2,71.9,2.49,560.0
41857,487440,58.0,0.0,9.7,10.9,0.4,20.5,0.5,73.4,2.5,580.0
41857,487441,58.0,0.0,9.7,10.4,0.4,20.5,0.5,74.2,2.51,588.0
41857,487442,58.0,0.0,9.7,10.4,0.4,20.5,0.5,73.6,2.51,577.0
41857,487443,58.0,0.0,9.7,10.3,1.0,20.5,0.5,73.7,2.51,571.0
41857,487444,58.0,0.0,11.5,9.6,0.4,17.5,3.0,75.0,2.5,594.0
41857,487445,58.3,0.0,9.8,9.9,0.8,20.8,0.4,75.1,2.5,578.0
41857,487446,58.5,0.0,9.7,10.1,0.4,21.0,0.3,73.0,2.5,578.0
41857,487447,58.5,0.0,10.0,9.8,0.4,21.0,0.3,73.0,2.5,580.0
41857,487448,59.0,0.0,9.5,9.8,0.4,21.0,0.3,72.7,2.5,574.0
41857,487449,59.0,0.0,10.0,9.6,0.4,20.5,0.5,73.2,2.5,581.0
41857,487450,59.5,0.0,10.0,9.6,0.4,20.0,0.5,73.4,2.49,585.0
41857,487451,59.74,0.0,9.49,9.59,0.4,20.28,0.5,73.0,2.49,576.0
41857,487452,60.0,0.0,9.0,9.6,0.4,20.5,0.5,72.6,2.49,571.0
41857,487453,60.0,0.0,9.1,10.1,0.4,19.4,1.0,73.2,2.49,572.0
41857,487454,60.0,0.0,9.3,10.3,0.4,19.4,0.6,73.2,2.49,579.0
41857,487455,60.0,0.0,9.5,9.2,0.3,20.5,0.5,72.7,2.49,576.0
41857,487456,60.0,0.0,9.5,10.1,0.4,19.5,0.5,73.4,2.49,585.0
41857,487457,60.5,0.0,9.0,9.7,0.8,18.8,1.2,73.3,2.49,575.0
41857,487458,60.0,0.0,9.3,9.8,0.4,20.4,0.1,72.9,2.49,579.0
41857,487459,60.0,0.0,8.8,10.3,0.4,20.2,0.3,72.8,2.49,574.0
41857,487460,60.0,0.0,8.3,10.3,0.4,21.0,0.0,72.2,2.49,565.0
41857,487461,60.0,0.0,8.3,10.8,0.4,20.1,0.4,72.7,2.49,569.0
41857,487462,59.0,0.0,10.3,9.3,0.4,21.0,0.0,73.2,2.49,586.0
41857,487463,60.0,0.0,8.8,9.8,0.4,21.0,0.0,72.4,2.49,569.0
41857,487464,60.0,0.0,7.8,10.3,0.4,20.5,1.0,72.0,2.5,550.0
41857,487465,59.0,0.0,8.3,10.3,0.4,21.5,0.5,72.0,2.5,554.0
41857,487466,60.0,0.0,7.8,10.8,0.4,20.0,1.0,72.3,2.5,556.0
41857,487467,60.0,0.0,8.8,10.3,0.4,20.1,0.4,72.8,2.49,573.0
41857,487468,60.0,0.0,8.3,10.8,0.4,19.5,1.0,73.0,2.49,566.0
41857,487469,60.0,0.0,8.3,10.3,0.4,20.2,0.8,72.6,2.49,568.0
41857,487470,59.0,0.0,10.3,9.3,0.4,20.8,0.2,72.9,2.49,587.0
41857,487471,75.0,0.0,6.5,2.5,0.0,16.0,0.0,69.9,2.41,549.0
41857,487472,70.0,0.0,9.5,2.2,0.3,15.3,2.7,72.1,2.44,557.0
41857,487473,70.0,0.0,9.5,2.5,0.0,18.0,0.0,71.1,2.43,577.0
41857,487474,65.0,0.0,11.5,2.5,0.0,21.0,0.0,71.2,2.46,578.0
41857,487475,60.0,0.0,10.0,9.7,0.3,13.2,6.8,75.0,2.49,583.0
41857,487476,55.0,0.0,11.5,12.5,0.0,21.0,0.0,74.4,2.51,607.0
41857,487477,55.0,0.0,15.0,9.7,0.3,20.0,0.0,76.5,2.5,647.0
41857,487478,65.97,0.6,10.29,5.8,0.6,14.19,2.4,72.9,2.46,606.0
41880,488766,68.5,0.0,3.5,12.0,3.5,3.5,7.0,74.9,2.51,660.0
41881,488796,61.44,0.0,5.77,11.71,0.33,18.6,0.52,73.4,2.52,570.0
41881,488797,63.6,0.0,5.32,12.41,0.32,17.7,0.51,72.1,2.48,562.0
41881,488798,63.7,0.0,5.31,12.84,0.32,17.18,0.51,72.4,2.48,572.0
41881,488799,63.58,0.0,5.29,12.95,0.32,17.71,0.0,72.3,2.48,576.0
41881,488800,63.45,0.0,5.71,12.03,0.32,17.7,0.51,72.2,2.48,570.0
41881,488801,62.54,0.0,5.76,12.46,0.32,18.16,0.51,72.4,2.48,567.0
41881,488802,61.37,0.0,5.74,13.33,0.11,18.7,0.51,72.6,2.49,564.0
41881,488803,61.57,0.0,6.25,12.49,0.32,18.69,0.52,72.7,2.49,568.0
41881,488804,61.65,0.0,5.82,12.91,0.32,18.16,0.96,72.8,2.49,556.0
41881,488805,61.57,0.0,6.27,12.53,0.33,18.16,0.97,73.0,2.49,563.0
41881,488806,60.6,0.0,6.3,12.93,0.32,19.16,0.51,72.7,2.49,562.0
41881,488807,60.55,0.0,6.31,12.96,0.32,18.72,0.97,72.9,2.49,556.0
41881,488808,61.14,0.0,6.31,12.96,0.32,18.13,0.97,73.0,2.49,564.0
41881,488809,61.1,0.0,6.77,12.43,0.33,18.23,0.97,73.1,2.49,568.0
41881,488810,61.11,0.0,6.28,12.41,0.33,18.21,1.49,72.8,2.49,552.0
41881,488811,61.0,0.0,6.79,12.01,0.33,18.2,1.5,72.9,2.49,556.0
41881,488812,60.49,0.0,6.81,12.54,0.33,19.15,0.52,72.8,2.49,568.0
41881,488813,60.53,0.0,6.79,12.5,0.32,19.69,0.0,72.6,2.49,572.0
41881,488814,60.62,0.0,5.78,13.42,0.32,19.69,0.0,72.4,2.49,564.0
41881,488815,60.59,0.0,5.79,13.46,0.32,19.16,0.51,72.6,2.5,562.0
41881,488816,60.55,0.0,5.81,13.49,0.32,18.62,1.03,72.8,2.5,555.0
41881,488817,60.64,0.0,6.28,12.89,0.32,19.69,0.0,72.5,2.49,568.0
41881,488818,60.56,0.0,5.98,13.47,0.32,18.98,0.51,73.0,2.5,565.0
41881,488819,60.85,0.0,5.8,13.17,0.22,19.27,0.51,72.4,2.49,558.0
41881,488820,60.88,0.0,5.79,13.46,0.32,18.86,0.51,72.6,2.49,562.0
41881,488821,61.22,0.0,5.74,13.17,0.32,18.87,0.51,72.5,2.49,561.0
41881,488822,61.44,0.0,5.8,13.17,0.32,18.59,0.51,72.5,2.49,565.0
41881,488823,61.15,0.0,5.99,13.04,0.32,18.82,0.51,72.5,2.49,563.0
41881,488824,61.44,0.0,5.99,13.04,0.32,18.52,0.51,72.6,2.49,567.0
41881,488825,61.42,0.0,5.77,12.2,0.32,18.61,0.52,72.3,2.5,567.0
41881,488826,61.22,0.0,5.97,11.94,0.33,18.87,0.52,72.6,2.5,566.0
41881,488827,61.52,0.0,5.97,11.94,0.33,18.57,0.52,72.6,2.5,569.0
41881,488828,61.17,0.0,5.82,12.62,0.32,18.85,0.51,72.3,2.5,562.0
41881,488829,61.46,0.0,5.82,12.62,0.32,18.56,0.51,72.4,2.5,565.0
41881,488830,61.15,0.0,5.78,12.66,0.32,18.91,0.52,72.8,2.5,562.0
41881,488831,61.45,0.0,5.78,12.66,0.32,18.62,0.52,72.9,2.5,569.0
41881,488832,61.48,0.0,5.82,12.14,0.33,18.55,0.52,73.6,2.52,575.0
41881,488833,61.3,0.0,5.8,12.26,0.33,18.6,0.52,73.1,2.51,570.0
41881,488834,61.45,0.0,5.82,11.68,0.33,18.54,0.52,73.1,2.51,572.0
41881,488838,65.92,0.56,10.33,5.77,0.58,14.28,2.4,72.9,2.46,597.0
41985,482717,60.2,16.33,3.72,0.0,5.24,12.85,0.0,79.4,2.5,575.0
42017,482844,64.17,6.0,11.83,5.9,0.0,11.95,0.0,69.6,2.4,613.0
42017,482845,64.07,6.04,11.92,4.53,0.0,11.78,0.0,70.4,2.46,605.0
42246,483233,59.6,23.9,0.0,0.0,0.0,16.5,0.0,80.1,2.46,543.0
42246,483234,52.6,20.6,0.0,0.0,0.0,26.8,0.0,80.3,2.54,535.0
42246,483235,51.15,20.16,0.0,0.0,0.0,28.69,0.0,74.7,2.54,494.0
42246,483236,46.9,18.6,0.0,0.0,0.0,34.5,0.0,76.7,2.53,467.0
42246,483237,70.0,15.8,0.0,0.0,0.0,14.2,0.0,81.8,2.47,588.0
42246,483238,66.7,14.1,0.0,0.0,0.0,19.2,0.0,81.9,2.52,573.0
42246,483239,61.16,13.31,0.0,0.0,0.0,25.53,0.0,77.2,2.53,539.0
42246,483240,58.0,12.9,0.0,0.0,0.0,29.1,0.0,72.8,2.53,505.0
42278,483786,62.54,0.0,3.1,6.4,23.31,4.1,0.5,84.3,2.63,694.0
42461,495721,74.0,2.0,8.0,7.0,5.0,3.0,1.0,79.6,2.41,698.0
42464,495779,58.96,0.0,14.14,9.31,0.0,14.87,1.33,77.0,2.52,668.0
42464,495780,59.54,0.0,14.94,7.75,0.0,15.02,1.34,72.0,2.44,619.0
42484,495879,61.0,0.0,11.0,15.5,0.0,10.5,0.0,83.0,2.53,680.0
42484,495880,60.0,0.0,11.0,16.0,0.0,11.0,0.0,84.0,2.54,673.0
42484,495886,61.0,0.0,11.0,15.5,0.0,10.5,0.0,83.4,2.53,678.0
42484,495892,63.0,0.0,10.0,17.0,2.0,6.0,0.0,86.4,2.56,700.0
42647,493823,74.87,0.0,1.49,0.0,10.33,13.28,0.0,71.9,2.46,580.0
42647,493824,74.06,0.0,1.52,1.0,9.89,13.51,0.0,72.5,2.47,575.0
42647,493825,73.0,0.0,1.48,1.88,10.29,13.31,0.0,72.5,2.48,577.0
42647,493826,72.19,0.0,1.52,2.98,10.4,12.88,0.0,73.3,2.48,580.0
42647,493827,70.66,0.0,1.52,3.82,10.39,13.43,0.0,73.6,2.49,579.0
42647,493828,69.64,0.0,1.51,4.82,10.23,13.76,0.0,74.0,2.5,574.0
42647,493829,68.94,0.0,1.54,5.8,10.33,13.34,0.0,74.0,2.51,580.0
42647,493830,68.05,0.0,1.45,6.76,10.39,13.29,0.0,75.6,2.52,575.0
42647,493831,75.58,0.0,1.45,2.89,7.24,12.81,0.0,71.8,2.44,563.0
42647,493832,73.83,0.0,1.49,2.83,8.25,13.58,0.0,72.0,2.46,578.0
42647,493833,73.12,0.0,1.54,2.88,9.31,13.09,0.0,72.7,2.47,583.0
42647,493834,72.19,0.0,1.52,2.98,10.4,12.88,0.0,73.3,2.48,580.0
42647,493835,71.01,0.0,1.51,2.96,11.43,13.06,0.0,74.0,2.5,584.0
42647,493836,70.18,0.0,1.49,2.87,12.27,13.15,0.0,73.8,2.5,582.0
42647,493837,69.0,0.0,1.52,2.87,13.34,13.24,0.0,74.9,2.52,572.0
42647,493838,68.04,0.0,1.48,2.87,14.34,13.23,0.0,75.6,2.54,573.0
42647,493839,72.08,0.0,1.26,1.0,12.13,13.5,0.0,73.7,2.5,574.0
42647,493840,72.19,0.0,1.52,2.98,10.4,12.88,0.0,73.3,2.48,571.0
42647,493841,72.75,0.0,1.18,4.76,8.2,13.07,0.0,73.2,2.46,551.0
42647,493842,72.32,0.0,1.16,6.59,6.13,13.77,0.0,72.8,2.45,556.0
42647,493843,72.6,0.0,1.22,8.89,4.12,13.13,0.0,71.4,2.44,558.0
42647,493844,72.13,0.0,1.26,11.01,2.03,13.53,0.0,70.7,2.43,561.0
42663,496622,70.0,0.0,2.5,12.3,1.4,13.2,0.6,72.0,2.44,572.0
42663,496623,70.0,0.0,2.5,10.9,2.8,13.2,0.6,73.0,2.45,567.0
42663,496624,67.5,0.0,2.5,13.5,1.5,14.4,0.6,73.0,2.47,567.0
42663,496625,67.5,0.0,2.5,12.0,3.0,14.4,0.6,73.0,2.47,562.0
42663,496626,70.0,0.0,2.5,11.8,1.4,13.7,0.6,72.0,2.44,570.0
42663,496627,70.0,0.0,2.5,12.8,1.4,12.7,0.6,73.0,2.44,587.0
42663,496628,67.5,0.0,2.5,13.0,1.5,14.9,0.6,72.0,2.46,560.0
42663,496629,67.5,0.0,2.5,14.0,1.5,13.9,0.6,73.0,2.46,575.0
42663,496630,70.0,0.0,2.5,9.6,4.1,13.2,0.6,74.0,2.47,569.0
42663,496631,70.0,0.0,2.5,8.2,5.5,13.2,0.6,74.0,2.47,565.0
42663,496632,67.5,0.0,2.5,10.5,4.5,14.4,0.6,74.0,2.48,558.0
42663,496633,67.5,0.0,2.5,9.0,6.0,14.4,0.6,74.0,2.49,556.0
42663,496634,68.0,0.0,2.5,11.0,3.7,14.2,0.6,73.0,2.48,566.0
42663,496635,67.5,0.0,2.5,11.2,3.8,14.4,0.6,74.0,2.48,563.0
42663,496636,68.5,0.0,2.5,10.1,4.4,13.9,0.6,74.0,2.48,566.0
42663,496637,68.0,0.0,2.5,10.3,4.4,14.2,0.6,74.0,2.48,562.0
42663,496638,69.64,0.0,2.51,8.22,5.61,13.43,0.6,74.0,2.48,567.0
42663,496639,69.0,0.0,2.5,8.5,5.7,13.7,0.6,74.0,2.48,565.0
42663,496640,70.8,0.0,1.0,5.9,8.5,13.2,0.6,74.0,2.49,558.0
42663,496641,65.0,0.0,2.5,8.1,8.1,16.3,0.0,75.0,2.53,551.0
42663,496642,69.93,0.0,2.5,8.29,8.29,10.99,0.0,76.0,2.49,594.0
42663,496643,70.0,0.0,5.0,9.0,1.0,15.0,0.0,71.0,2.43,580.0
42663,496644,72.5,0.0,2.5,10.0,2.5,11.9,0.6,79.0,2.43,581.0
42663,496645,72.5,0.0,2.5,11.2,1.3,11.9,0.6,73.0,2.42,586.0
42663,496646,70.0,0.0,2.5,12.3,1.4,12.6,1.2,73.0,2.44,572.0
42663,496647,70.0,0.0,5.0,5.0,5.0,15.0,0.0,73.0,2.46,567.0
42663,496648,70.0,0.0,5.0,7.5,7.5,10.0,0.0,77.0,2.47,622.0
42663,496649,70.0,0.0,5.0,13.5,1.5,10.0,0.0,77.0,2.44,639.0
42663,496651,70.0,0.0,2.5,16.5,0.0,11.0,0.0,75.0,2.43,632.0
42663,496652,65.0,0.0,5.0,18.0,0.0,12.0,0.0,77.0,2.47,636.0
42663,496653,70.0,0.0,2.5,5.5,5.5,16.5,0.0,72.0,2.47,542.0
42663,496654,70.0,0.0,0.0,6.0,6.0,18.0,0.0,71.0,2.49,519.0
42663,496655,70.0,0.0,2.5,6.9,6.9,13.7,0.0,74.0,2.48,569.0
42663,496656,65.0,0.0,0.0,7.0,7.0,21.0,0.0,72.0,2.53,511.0
42663,496657,70.0,0.0,0.0,7.5,7.5,15.0,0.0,73.0,2.5,546.0
42663,496659,70.0,0.0,0.0,9.0,9.0,12.0,0.0,76.0,2.5,570.0
42663,496660,65.0,0.0,0.0,10.5,10.5,14.0,0.0,74.0,2.5,551.0
42663,496662,70.0,0.0,0.0,10.8,1.2,18.0,0.0,68.0,2.45,517.0
42663,496663,70.0,0.0,2.5,11.0,0.0,16.5,0.0,69.0,2.43,554.0
42663,496664,70.0,0.0,0.0,12.0,0.0,18.0,0.0,67.0,2.44,517.0
42663,496665,65.0,0.0,0.0,14.0,0.0,21.0,0.0,68.0,2.48,507.0
42663,496666,70.0,0.0,0.0,15.0,0.0,15.0,0.0,70.0,2.44,559.0
42663,496667,70.0,0.0,0.0,16.2,1.8,12.0,0.0,74.0,2.45,583.0
42663,496668,70.0,0.0,0.0,18.0,0.0,12.0,0.0,73.0,2.44,596.0
42663,496669,65.0,0.0,0.0,21.0,0.0,14.0,0.0,75.0,2.49,583.0
42675,497087,82.5,10.68,1.82,0.0,0.0,5.0,0.0,64.0,2.2,525.0
42824,498004,50.0,0.0,0.0,0.0,33.33,16.67,0.0,84.8,2.76,590.0
42824,498005,50.0,0.0,0.0,0.0,25.0,25.0,0.0,80.1,2.7,540.0
42824,498006,50.0,0.0,0.0,0.0,16.67,33.33,0.0,74.1,2.65,460.0
43002,499121,61.0,0.0,11.0,15.5,0.0,10.5,0.0,83.0,2.54,680.0
43002,499122,60.0,0.0,11.0,16.0,0.0,11.0,0.0,83.0,2.54,678.0
43002,499133,63.0,0.0,10.0,17.0,2.0,6.0,0.0,86.4,2.56,700.0
43021,499439,68.0,18.0,10.0,2.0,1.0,0.0,0.0,76.0,2.26,694.0
43021,499447,83.0,11.6,1.4,0.0,0.0,4.0,0.0,64.0,2.23,560.0
43534,531477,63.4,0.0,5.0,7.9,4.0,9.4,8.9,75.0,2.53,577.0
43534,531480,73.0,0.0,7.0,6.0,0.0,14.0,0.0,71.0,2.41,617.0
43534,531481,72.0,0.0,6.0,10.0,0.0,12.0,0.0,73.0,2.41,647.0
43534,531482,72.0,0.0,7.0,10.0,0.0,11.0,0.0,73.0,2.41,674.0
43534,531483,71.37,0.0,2.0,10.41,0.3,10.81,4.6,73.0,2.44,547.0
43534,531484,73.0,0.0,7.0,5.5,0.0,14.0,0.0,73.0,2.42,625.0
43534,531485,72.5,0.0,6.2,8.5,0.0,12.8,0.0,70.0,2.41,527.0
43534,531486,64.27,0.0,7.98,10.48,0.1,12.48,3.99,74.0,2.48,604.0
43534,531487,70.6,0.0,1.0,6.2,9.2,12.4,0.6,73.0,2.5,550.0
43534,531488,78.52,0.0,2.0,4.0,1.0,13.39,1.1,69.0,2.44,515.0
43535,531498,65.0,0.0,5.0,0.0,5.0,5.0,20.0,65.0,2.5,531.0
43535,531515,71.1,0.0,1.1,6.9,8.3,12.4,0.2,72.0,2.49,550.0
43537,531535,82.5,10.68,1.82,0.0,0.0,5.0,0.0,64.0,2.2,525.0
43555,602953,75.0,0.0,0.0,0.0,0.0,25.0,0.0,60.0,2.61,500.0
43555,602954,72.0,0.0,3.0,0.0,0.0,25.0,0.0,62.0,2.35,516.0
43555,602955,70.0,0.0,5.0,0.0,0.0,25.0,0.0,64.0,2.4,520.0
43555,602956,68.0,0.0,7.0,0.0,0.0,25.0,0.0,66.0,2.39,531.0
43555,602957,65.0,0.0,10.0,0.0,0.0,25.0,0.0,68.0,2.41,558.0
43555,602958,60.0,0.0,15.0,0.0,0.0,25.0,0.0,70.0,2.5,595.0
43719,604083,62.87,7.39,13.97,0.1,0.1,14.97,0.6,64.0,2.38,628.0
43719,604084,70.0,0.0,9.0,7.0,0.0,14.0,0.0,72.0,2.42,649.0
43719,604085,66.0,0.0,11.0,8.0,0.0,15.0,0.0,76.0,2.45,662.0
43719,604086,64.0,0.0,12.0,8.0,0.0,16.0,0.0,77.0,2.47,659.0
43719,604096,63.7,0.0,11.4,8.0,0.0,15.9,0.0,75.0,2.49,667.0
43719,604099,64.0,0.0,12.0,8.0,0.0,14.0,0.0,75.0,2.48,676.0
43719,604100,64.0,0.0,12.0,7.0,0.0,16.0,0.0,76.0,2.51,693.0
43719,604101,64.0,0.0,12.0,6.0,0.0,16.0,0.0,76.0,2.48,689.0
43719,604103,67.68,0.0,11.11,6.06,0.0,13.13,2.02,71.0,2.44,595.0
43719,604104,72.5,0.0,6.2,8.5,0.0,12.8,0.0,71.0,2.41,627.0
43719,604105,71.86,0.0,1.1,5.49,8.58,12.77,0.2,73.0,2.49,540.0
43719,604106,73.0,0.0,9.0,6.0,0.0,12.0,0.0,72.0,2.4,683.0
43726,604360,73.83,0.0,0.0,0.0,11.19,14.99,0.0,77.3,2.51,587.0
43726,604361,73.97,0.0,0.0,0.0,9.81,14.81,0.0,76.5,2.5,576.0
43726,604364,69.73,0.0,0.0,0.0,13.99,14.59,0.0,79.7,2.56,590.0
43726,604370,71.6,0.0,0.0,0.0,12.1,14.5,0.0,77.9,2.51,579.0
43898,605268,80.0,0.0,0.0,0.0,0.0,20.0,0.0,61.0,2.38,489.0
44336,607499,65.0,0.0,0.0,0.0,0.0,35.0,0.0,60.8,2.49,470.0
44336,607501,75.0,0.0,0.0,0.0,12.5,12.5,0.0,79.0,2.5,588.0
44336,607502,65.0,0.0,0.0,0.0,17.5,17.5,0.0,87.1,2.61,623.0
44336,607503,65.0,0.0,0.0,0.0,22.5,12.5,0.0,84.9,2.59,562.0
44336,607504,65.0,0.0,0.0,0.0,12.5,22.5,0.0,79.8,2.56,564.0
44336,607505,55.0,0.0,0.0,0.0,22.5,22.5,0.0,87.3,2.66,596.0
44336,607506,55.0,0.0,0.0,0.0,27.5,17.5,0.0,91.4,2.68,591.0
44404,608115,63.87,0.0,11.38,7.98,0.0,15.47,0.95,75.0,2.47,645.0
44404,608116,62.87,0.0,10.93,8.48,0.0,16.37,1.0,78.0,2.48,628.0
44404,608117,64.4,0.0,10.5,8.3,0.0,16.0,0.6,73.0,2.46,633.0
44404,608118,64.29,0.0,10.48,8.28,0.0,15.96,0.8,74.0,2.47,631.0
44404,608119,64.0,0.0,11.0,8.3,0.0,15.9,0.6,74.0,2.47,640.0
44404,608120,64.27,0.0,7.98,10.48,0.1,12.48,3.99,74.0,2.48,606.0
44640,609649,53.86,0.0,0.0,0.0,21.77,22.65,0.0,76.8,2.66,548.0
44640,609650,40.39,13.46,0.0,0.0,21.77,22.65,0.0,81.0,2.64,515.0
44640,609651,26.93,26.93,0.0,0.0,21.77,22.65,0.0,83.6,2.63,509.0
44640,609652,13.46,40.39,0.0,0.0,21.77,22.65,0.0,81.1,2.59,504.0
44805,610188,69.0,0.0,0.0,0.0,0.0,31.0,0.0,60.0,2.39,490.0
44805,610189,63.1,0.0,5.5,0.0,0.0,31.4,0.0,63.7,2.4,520.0
44805,610190,58.64,0.0,10.59,0.0,0.0,30.77,0.0,67.9,2.42,549.0
44805,610191,51.3,0.0,15.8,0.0,0.0,32.9,0.0,70.0,2.43,601.0
44805,610192,47.9,0.0,21.0,0.0,0.0,31.1,0.0,72.5,2.43,665.0
44805,610194,53.2,0.0,5.5,0.0,0.0,41.3,0.0,64.2,2.47,481.0
44805,610195,52.3,0.0,10.6,0.0,0.0,37.1,0.0,66.8,2.44,535.0
44805,610196,51.3,0.0,15.8,0.0,0.0,32.9,0.0,70.0,2.43,601.0
44805,610198,42.4,0.0,15.7,0.0,0.0,41.9,0.0,69.8,2.46,562.0
44805,610199,48.1,0.0,15.9,0.0,0.0,36.0,0.0,69.6,2.45,584.0
44805,610200,51.15,0.0,15.85,0.0,0.0,33.0,0.0,70.0,2.43,601.0
44805,610201,58.5,0.0,15.9,0.0,0.0,25.6,0.0,70.9,2.4,618.0
44931,611836,50.0,0.0,18.0,12.0,0.0,18.0,0.0,82.2,2.56,690.0
44931,611837,50.0,0.0,18.0,12.0,0.0,18.0,0.0,82.2,2.56,690.0
44931,611843,70.0,15.0,0.0,0.0,0.0,15.0,0.0,80.9,2.4,580.0
44931,611845,60.0,20.0,0.0,0.0,5.0,15.0,0.0,83.6,2.49,583.0
44931,611846,60.0,20.0,0.0,0.0,0.0,15.0,5.0,83.7,2.49,542.0
44931,611847,60.0,20.0,0.0,5.0,0.0,15.0,0.0,79.9,2.39,574.0
44931,611848,60.0,20.0,0.0,0.0,0.0,20.0,0.0,83.2,2.51,562.0
44931,611849,60.0,25.0,0.0,0.0,0.0,15.0,0.0,77.5,2.41,523.0
44931,611854,63.0,0.0,0.0,7.0,8.0,10.0,12.0,69.9,2.52,481.0
44931,611855,75.0,0.0,0.0,0.0,15.0,10.0,0.0,71.0,2.49,539.0
44931,611858,60.0,10.0,10.0,0.0,0.0,20.0,0.0,69.6,2.47,590.0
44931,611859,60.0,20.0,0.0,5.0,0.0,0.0,15.0,65.6,2.39,572.0
44931,611860,60.0,20.0,0.0,0.0,0.0,0.0,20.0,74.4,2.42,674.0
44931,611861,69.0,2.0,2.0,6.0,7.0,14.0,0.0,75.2,2.47,555.0
